<?xml version="1.0" encoding="UTF-8" standalone="yes"?>
<!--

      Licensed to the Apache Software Foundation (ASF) under one or more
      contributor license agreements.  See the NOTICE file distributed with
      this work for additional information regarding copyright ownership.
      The ASF licenses this file to You under the Apache License, Version 2.0
      (the "License"); you may not use this file except in compliance with
      the License.  You may obtain a copy of the License at

         http://www.apache.org/licenses/LICENSE-2.0

      Unless required by applicable law or agreed to in writing, software
      distributed under the License is distributed on an "AS IS" BASIS,
      WITHOUT WARRANTIES OR CONDITIONS OF ANY KIND, either express or implied.
      See the License for the specific language governing permissions and
      limitations under the License.
-->
<features name="spring-2.4.0.redhat-630187" xmlns="http://karaf.apache.org/xmlns/features/v1.0.0" xmlns:xsi="http://www.w3.org/2001/XMLSchema-instance" xsi:schemaLocation="http://karaf.apache.org/xmlns/features/v1.0.0 http://karaf.apache.org/xmlns/features/v1.0.0">

    <repository>mvn:org.apache.karaf.assemblies.features/standard/2.4.0.redhat-630187/xml/features</repository>
    <repository>mvn:org.apache.karaf.assemblies.features/enterprise/2.4.0.redhat-630187/xml/features</repository>

    <!-- Spring DM support -->
    <feature name="spring-dm" description="Spring DM support" version="1.2.1">
        <feature version="[2.5.6,4)">spring</feature>
        <bundle dependency="true" start-level="30">mvn:org.apache.servicemix.bundles/org.apache.servicemix.bundles.cglib/3.2.0_1</bundle>
        <bundle start-level="30">mvn:org.springframework.osgi/spring-osgi-io/1.2.1</bundle>
        <bundle start-level="30">mvn:org.springframework.osgi/spring-osgi-core/1.2.1</bundle>
        <bundle start-level="30">mvn:org.springframework.osgi/spring-osgi-extender/1.2.1</bundle>
        <bundle start-level="30">mvn:org.springframework.osgi/spring-osgi-annotation/1.2.1</bundle>
    </feature>

    <feature name="spring-dm-web" description="Spring DM Web support" version="1.2.1">
        <feature>spring-dm</feature>
        <feature version="[2.5.6,4)">spring-web</feature>
        <feature>http</feature>
        <bundle start-level="30">mvn:org.springframework.osgi/spring-osgi-web/1.2.1</bundle>
    </feature>

    <!-- Spring 3.2.x support -->

    <feature name="spring" description="Spring 3.2.x support" version="3.2.16.RELEASE_1">
        <bundle dependency='true'>mvn:javax.annotation/javax.annotation-api/1.2</bundle>
        <bundle dependency="true" start-level="30">mvn:org.apache.servicemix.bundles/org.apache.servicemix.bundles.aopalliance/1.0_6</bundle>
        <bundle start-level="30">mvn:org.apache.servicemix.bundles/org.apache.servicemix.bundles.spring-core/3.2.16.RELEASE_1</bundle>
        <bundle start-level="30">mvn:org.apache.servicemix.bundles/org.apache.servicemix.bundles.spring-expression/3.2.16.RELEASE_1</bundle>
        <bundle start-level="30">mvn:org.apache.servicemix.bundles/org.apache.servicemix.bundles.spring-beans/3.2.16.RELEASE_1</bundle>
        <bundle start-level="30">mvn:org.apache.servicemix.bundles/org.apache.servicemix.bundles.spring-aop/3.2.16.RELEASE_1</bundle>
        <bundle start-level="30">mvn:org.apache.servicemix.bundles/org.apache.servicemix.bundles.spring-context/3.2.16.RELEASE_1</bundle>
        <bundle start-level="30">mvn:org.apache.servicemix.bundles/org.apache.servicemix.bundles.spring-context-support/3.2.16.RELEASE_1</bundle>
    </feature>

    <feature name="spring-aspects" description="Spring 3.2.x AOP support" version="3.2.16.RELEASE_1">
        <feature version="[3.2.16.RELEASE_1,3.3)">spring</feature>
        <bundle start-level="30">mvn:org.apache.servicemix.bundles/org.apache.servicemix.bundles.spring-aspects/3.2.16.RELEASE_1</bundle>
    </feature>

    <feature name="spring-instrument" description="Spring 3.2.x Instrument support" version="3.2.16.RELEASE_1">
        <feature version="[3.2.16.RELEASE_1,3.3)">spring</feature>
        <bundle start-level="30">mvn:org.apache.servicemix.bundles/org.apache.servicemix.bundles.spring-instrument/3.2.16.RELEASE_1</bundle>
    </feature>

    <feature name="spring-jdbc" description="Spring 3.2.x JDBC support" version="3.2.16.RELEASE_1">
        <feature version="[3.2.16.RELEASE_1,3.3)">spring-tx</feature>
        <bundle start-level="30">mvn:org.apache.servicemix.bundles/org.apache.servicemix.bundles.spring-jdbc/3.2.16.RELEASE_1</bundle>
    </feature>

    <feature name="spring-jms" description="Spring 3.2.x JMS support" version="3.2.16.RELEASE_1">
        <feature version="[3.2.16.RELEASE_1,3.3)">spring-tx</feature>
        <feature>jms</feature>
        <bundle start-level="30">mvn:org.apache.servicemix.bundles/org.apache.servicemix.bundles.spring-jms/3.2.16.RELEASE_2</bundle>
    </feature>

    <feature name="spring-struts" description="Spring 3.2.x Struts support" version="3.2.16.RELEASE_1">
        <feature version="[3.2.16.RELEASE_1,3.3)">spring-web</feature>
        <feature>war</feature>
        <bundle dependency="true" start-level="30">mvn:commons-collections/commons-collections/3.2.2.redhat-2</bundle>
        <bundle dependency="true" start-level="30">mvn:commons-beanutils/commons-beanutils/1.9.2.redhat-1</bundle>
        <bundle dependency="true" start-level="30">mvn:org.apache.servicemix.bundles/org.apache.servicemix.bundles.struts/1.3.10_1</bundle>
        <bundle start-level="30">mvn:org.apache.servicemix.bundles/org.apache.servicemix.bundles.spring-struts/3.2.16.RELEASE_1</bundle>
    </feature>

    <feature name="spring-test" description="Spring 3.2.x Test support" version="3.2.16.RELEASE_1">
        <feature version="[3.2.16.RELEASE_1,3.3)">spring</feature>
        <bundle start-level="30">mvn:org.apache.servicemix.bundles/org.apache.servicemix.bundles.spring-test/3.2.16.RELEASE_1</bundle>
    </feature>

    <feature name="spring-orm" description="Spring 3.2.x ORM support" version="3.2.16.RELEASE_1">
        <feature version="[3.2.16.RELEASE_1,3.3)">spring-jdbc</feature>
        <bundle start-level="30">mvn:org.apache.servicemix.bundles/org.apache.servicemix.bundles.spring-orm/3.2.16.RELEASE_1</bundle>
    </feature>

    <feature name="spring-oxm" description="Spring 3.2.x OXM support" version="3.2.16.RELEASE_1">
        <feature version="[3.2.16.RELEASE_1,3.3)">spring</feature>
        <bundle start-level="30">mvn:org.apache.servicemix.bundles/org.apache.servicemix.bundles.spring-oxm/3.2.16.RELEASE_1</bundle>
    </feature>

    <feature name="spring-tx" description="Spring 3.2.x Transaction (TX) support" version="3.2.16.RELEASE_1">
        <feature version="[3.2.16.RELEASE_1,3.3)">spring</feature>
        <bundle start-level="30">mvn:org.apache.servicemix.bundles/org.apache.servicemix.bundles.spring-tx/3.2.16.RELEASE_1</bundle>
    </feature>

    <feature name="spring-web" description="Spring 3.2.x Web support" version="3.2.16.RELEASE_1">
        <feature version="[3.2.16.RELEASE_1,3.3)">spring</feature>
        <feature>http</feature>
        <bundle start-level="30">mvn:org.apache.servicemix.bundles/org.apache.servicemix.bundles.spring-web/3.2.16.RELEASE_1</bundle>
        <bundle start-level="30">mvn:org.apache.servicemix.bundles/org.apache.servicemix.bundles.spring-webmvc/3.2.16.RELEASE_1</bundle>
    </feature>

    <feature name="spring-web-portlet" description="Spring 3.2.x Web Portlet support" version="3.2.16.RELEASE_1">
        <feature version="[3.2.16.RELEASE_1,3.3)">spring-web</feature>
        <bundle dependency="true" start-level="30">wrap:mvn:javax.portlet/portlet-api/2.0$Export-Package=javax.portlet.*;version=2.0</bundle>
        <bundle start-level="30">mvn:org.apache.servicemix.bundles/org.apache.servicemix.bundles.spring-webmvc-portlet/3.2.16.RELEASE_1</bundle>
    </feature>

    <!-- Spring Security support -->

    <feature name="spring-security" description="Spring Security 3.2.x support" version="3.2.8.RELEASE">
        <feature>war</feature>
        <feature version="[3,4)">spring-web</feature>
        <bundle dependency="true">mvn:org.apache.servicemix.bundles/org.apache.servicemix.bundles.aspectj/1.8.7_2</bundle>
        <bundle start-level="30">mvn:org.apache.servicemix.bundles/org.apache.servicemix.bundles.spring-security-core/3.2.8.RELEASE_1</bundle>
        <bundle start-level="30">mvn:org.apache.servicemix.bundles/org.apache.servicemix.bundles.spring-security-config/3.2.8.RELEASE_2</bundle>
        <bundle start-level="30">mvn:org.springframework.security/spring-security-web/3.2.8.RELEASE</bundle>
        <bundle start-level="30">mvn:org.springframework.security/spring-security-acl/3.2.8.RELEASE</bundle>
        <bundle start-level="30">mvn:org.springframework.security/spring-security-taglibs/3.2.8.RELEASE</bundle>
    </feature>

</features>
