<?xml version='1.0' encoding='UTF-8'?>
<features name="switchyard-karaf-2.1.0.redhat-630187">

    <repository>mvn:org.switchyard.karaf/switchyard/2.1.0.redhat-630187/xml/core-features</repository>
    <repository>mvn:org.apache.camel.karaf/apache-camel/2.17.0.redhat-630187/xml/features</repository>
    <repository>mvn:org.apache.cxf.karaf/apache-cxf/3.1.5.redhat-630187/xml/features</repository>
    <repository>mvn:org.apache.activemq/activemq-karaf/5.11.0.redhat-630187/xml/features</repository>

</features>
