<!--
  ~ Copyright 2005-2016 Red Hat, Inc.
  ~
  ~ Red Hat licenses this file to you under the Apache License, version
  ~ 2.0 (the "License"); you may not use this file except in compliance
  ~ with the License.  You may obtain a copy of the License at
  ~
  ~    http://www.apache.org/licenses/LICENSE-2.0
  ~
  ~ Unless required by applicable law or agreed to in writing, software
  ~ distributed under the License is distributed on an "AS IS" BASIS,
  ~ WITHOUT WARRANTIES OR CONDITIONS OF ANY KIND, either express or
  ~ implied.  See the License for the specific language governing
  ~ permissions and limitations under the License.
  -->
<features xmlns="http://karaf.apache.org/xmlns/features/v1.2.0" name="fabric8-karaf-features-2.2.181">

  <repository>mvn:io.fabric8.kubernetes/kubernetes-karaf/1.4.24/xml/features</repository>

  <feature name="fabric8-karaf-core" description="Fabric8 Karaf Core" version="2.2.181">
    <feature>scr</feature>
    <feature>aries-blueprint</feature>
    <feature>kubernetes-client</feature>
    <bundle dependency="true">mvn:commons-codec/commons-codec/1.10</bundle>
    <bundle dependency="true">mvn:org.apache.commons/commons-lang3/3.4</bundle>
    <bundle start-level="60">mvn:io.fabric8/fabric8-karaf-core/2.2.181</bundle>
  </feature>

  <feature name="fabric8-karaf-blueprint" description="Fabric8 Karaf Blueprint" version="2.2.181">
    <feature>fabric8-karaf-core</feature>
    <bundle start-level="65">mvn:io.fabric8/fabric8-karaf-blueprint/2.2.181</bundle>
  </feature>

  <feature name="fabric8-karaf-cm" description="Fabric8 Karaf ConfigAdmin Bridge" version="2.2.181">
    <feature>fabric8-karaf-core</feature>
    <bundle start-level="65">mvn:io.fabric8/fabric8-karaf-cm/2.2.181</bundle>
  </feature>

  <feature name="fabric8-karaf-checks" description="Fabric8 Karaf Checks" version="2.2.181">
    <feature>scr</feature>
    <feature>http</feature>
    <bundle start-level="65">mvn:io.fabric8/fabric8-karaf-checks/2.2.181</bundle>
  </feature>

</features>