<?xml version='1.0' encoding='UTF-8'?>
<!--

    Licensed to the Apache Software Foundation (ASF) under one or more
    contributor license agreements.  See the NOTICE file distributed with
    this work for additional information regarding copyright ownership.
    The ASF licenses this file to You under the Apache License, Version 2.0
    (the "License"); you may not use this file except in compliance with
    the License.  You may obtain a copy of the License at

       http://www.apache.org/licenses/LICENSE-2.0

    Unless required by applicable law or agreed to in writing, software
    distributed under the License is distributed on an "AS IS" BASIS,
    WITHOUT WARRANTIES OR CONDITIONS OF ANY KIND, either express or implied.
    See the License for the specific language governing permissions and
    limitations under the License.

-->

<features name="activemq-core-5.11.0.redhat-630187">

    <feature name="jms-spec" description="JMS spec 1.1 libraries" version="1.1">
        <bundle>mvn:org.apache.geronimo.specs/geronimo-jms_1.1_spec/1.1.1</bundle>
        <bundle dependency="true">mvn:org.apache.geronimo.specs/geronimo-jta_1.1_spec/1.1.1</bundle>
    </feature>

    <feature name="jms-spec" description="JMS spec 2.0 libraries" version="2.0">
        <bundle>mvn:javax.jms/javax.jms-api/2.0.1</bundle>
        <bundle dependency="true">mvn:org.apache.geronimo.specs/geronimo-jta_1.1_spec/1.1.1</bundle>
    </feature>

    <feature name="jms-spec-dep" description="JMS spec 1.1 dependency" version="1.1">
        <bundle dependency="true">mvn:org.apache.geronimo.specs/geronimo-jms_1.1_spec/1.1.1</bundle>
        <bundle dependency="true">mvn:org.apache.geronimo.specs/geronimo-jta_1.1_spec/1.1.1</bundle>
    </feature>

    <feature name="jms-spec-dep" description="JMS spec 2.0 dependency" version="2.0">
        <bundle dependency="true">mvn:javax.jms/javax.jms-api/2.0.1</bundle>
        <bundle dependency="true">mvn:org.apache.geronimo.specs/geronimo-jta_1.1_spec/1.1.1</bundle>
    </feature>

    <!-- Bundles needed if only client will be deployed in the container -->
    <feature name="activemq-client" description="ActiveMQ client libraries" version="5.11.0.redhat-630187" resolver="(obr)" start-level="50">
        <feature version="[3.2,4)">spring</feature>
        <feature>spring-dm</feature>
        <bundle dependency="true">mvn:org.apache.geronimo.specs/geronimo-annotation_1.0_spec/1.1.1</bundle>
        <bundle dependency="true">mvn:org.apache.geronimo.specs/geronimo-j2ee-management_1.1_spec/1.0.1</bundle>
        <bundle dependency="true">mvn:org.jvnet.jaxb2_commons/jaxb2-basics-runtime/0.6.4</bundle>
        <bundle dependency='true'>mvn:org.apache.servicemix.bundles/org.apache.servicemix.bundles.jaxb-impl/2.2.11_1</bundle>
        <bundle dependency="false">mvn:commons-pool/commons-pool/1.6.0.redhat-9</bundle>
        <bundle dependency="false">mvn:commons-net/commons-net/3.3.0.redhat-3</bundle>
        <bundle dependency='true'>mvn:org.apache.zookeeper/zookeeper/3.4.7</bundle>
        <!-- uber osgi bundle means client is not that lean, todo: introduce client osgi bundle -->
        <bundle dependency="false">mvn:org.apache.xbean/xbean-spring/3.18</bundle>
        <bundle>mvn:org.apache.activemq/activemq-osgi/5.11.0.redhat-630187</bundle>
    </feature>

    <!-- All bundles needed by the broker -->
    <feature name="activemq" description="ActiveMQ broker libraries" version="5.11.0.redhat-630187" resolver="(obr)" start-level="50">
      <feature>http</feature>
      <feature version="5.11.0.redhat-630187">activemq-client</feature>
      <bundle>mvn:org.apache.activemq/activemq-karaf/5.11.0.redhat-630187</bundle>
      <bundle dependency="true">mvn:org.apache.xbean/xbean-spring/3.18</bundle>
      <bundle dependency="true">mvn:commons-collections/commons-collections/3.2.2.redhat-2</bundle>
      <bundle dependency='true'>mvn:commons-lang/commons-lang/2.6.0.redhat-5</bundle>
      <bundle dependency="true">mvn:commons-codec/commons-codec/1.10.0.redhat-5</bundle>
      <bundle dependency="true">mvn:org.apache.servicemix.bundles/org.apache.servicemix.bundles.velocity/1.7_6</bundle>
      <bundle dependency="true">mvn:org.apache.servicemix.bundles/org.apache.servicemix.bundles.jasypt/1.9.3.redhat_3</bundle>
      <bundle dependency="true">mvn:org.apache.servicemix.bundles/org.apache.servicemix.bundles.jasypt-spring31/1.9.3.redhat_3</bundle>
      <bundle dependency="true">mvn:org.apache.servicemix.specs/org.apache.servicemix.specs.stax-api-1.0/2.7.0</bundle>
      <bundle dependency="true">mvn:org.apache.servicemix.bundles/org.apache.servicemix.bundles.xpp3/1.1.4c_7</bundle>
      <bundle dependency="true">mvn:joda-time/joda-time/2.9.2</bundle>
      <bundle dependency="true">mvn:org.apache.servicemix.bundles/org.apache.servicemix.bundles.xstream/1.4.8_1</bundle>
      <bundle dependency="true">mvn:org.apache.aries.transaction/org.apache.aries.transaction.manager/1.3.0</bundle>
      <bundle dependency="true">mvn:org.apache.geronimo.specs/geronimo-j2ee-connector_1.5_spec/2.0.0</bundle>
      <bundle dependency="true">mvn:org.apache.aries/org.apache.aries.util/1.1.0</bundle>
      <bundle dependency="true">mvn:org.apache.activemq/activeio-core/3.1.4</bundle>
      <bundle dependency="true">mvn:org.codehaus.jettison/jettison/1.3.7</bundle>
      <bundle dependency="true">mvn:com.fasterxml.jackson.core/jackson-core/2.6.3</bundle>
      <bundle dependency="true">mvn:com.fasterxml.jackson.core/jackson-databind/2.6.3</bundle>
      <bundle dependency="true">mvn:com.fasterxml.jackson.core/jackson-annotations/2.6.3</bundle>
      <bundle dependency="true">mvn:org.scala-lang/scala-library/2.11.7</bundle>
    </feature>

    <feature name="activemq-jms-spec-dep" description="ActiveMQ broker libraries" version="5.11.0.redhat-630187" resolver="(obr)" start-level="50">
      <feature>jms-spec-dep</feature>
      <feature version="5.11.0.redhat-630187">activemq</feature>
    </feature>
  </features>
